{"ok": true, "result": {"metadata": {"title": "Toy D\u2013T Fusion Performance Explorer", "deterministic": true, "grid_points": 216}, "units": {"T_keV": "keV", "n20": "1e20 m^-3", "tau_E_s": "s", "P_*_W_m3": "W/m^3", "P_*_W": "W"}, "config": {"R_m": 3.0, "a_m": 1.0, "kappa": 1.7, "T_keV_values": [5.0, 8.0, 11.0, 14.0, 17.0, 20.0], "n20_values": [0.5, 1.0, 1.5, 2.0, 2.5, 3.0], "tau_E_values": [0.5, 1.0, 1.5, 2.0, 2.5, 3.0], "f_He": 0.03, "Zeff": 2.0, "T_ratio_e_to_i": 1.0, "top_k": 10, "torus_volume_m3": 100.66996489111145}, "best": {"inputs": {"T_keV": 14.0, "n20": 3.0, "tau_E_s": 3.0, "geometry": {"R_m": 3.0, "a_m": 1.0, "kappa": 1.7}, "assumptions": {"f_He": 0.03, "Zeff": 2.0, "T_ratio_e_to_i": 1.0}}, "derived": {"reactivity_m3_s": 7.21043704696027e-23, "R_dt_m3_s": 1.5264675489341064e+18, "P_fus_W_m3": 4304380.325452199, "P_alpha_W_m3": 855984.7238115169, "P_brem_W_m3": 33674.916480965476, "P_transport_W_m3": 672914.1861901149, "P_loss_W_m3": 706589.1026710804, "P_net_W_m3": 149395.6211404365, "ignition_margin": 1.211432104706518, "Wth_J_m3": 2018742.558570345, "P_fus_W": 433321816.24126375, "P_alpha_W": 86171952.09343314, "P_loss_W": 71132300.1583396, "P_net_W": 15039651.93509353}}, "top_candidates": [{"inputs": {"T_keV": 14.0, "n20": 3.0, "tau_E_s": 3.0, "geometry": {"R_m": 3.0, "a_m": 1.0, "kappa": 1.7}, "assumptions": {"f_He": 0.03, "Zeff": 2.0, "T_ratio_e_to_i": 1.0}}, "derived": {"reactivity_m3_s": 7.21043704696027e-23, "R_dt_m3_s": 1.5264675489341064e+18, "P_fus_W_m3": 4304380.325452199, "P_alpha_W_m3": 855984.7238115169, "P_brem_W_m3": 33674.916480965476, "P_transport_W_m3": 672914.1861901149, "P_loss_W_m3": 706589.1026710804, "P_net_W_m3": 149395.6211404365, "ignition_margin": 1.211432104706518, "Wth_J_m3": 2018742.558570345, "P_fus_W": 433321816.24126375, "P_alpha_W": 86171952.09343314, "P_loss_W": 71132300.1583396, "P_net_W": 15039651.93509353}}, {"inputs": {"T_keV": 17.0, "n20": 3.0, "tau_E_s": 3.0, "geometry": {"R_m": 3.0, "a_m": 1.0, "kappa": 1.7}, "assumptions": {"f_He": 0.03, "Zeff": 2.0, "T_ratio_e_to_i": 1.0}}, "derived": {"reactivity_m3_s": 8.581046543536201e-23, "R_dt_m3_s": 1.8166290058829727e+18, "P_fus_W_m3": 5122586.560735331, "P_alpha_W_m3": 1018696.1910553215, "P_brem_W_m3": 37107.95063055895, "P_transport_W_m3": 817110.083230854, "P_loss_W_m3": 854218.033861413, "P_net_W_m3": 164478.15719390847, "ignition_margin": 1.1925482144768125, "Wth_J_m3": 2451330.249692562, "P_fus_W": 515690609.2209051, "P_alpha_W": 102552109.78824817, "P_loss_W": 85994099.4781827, "P_net_W": 16558010.310065476}}, {"inputs": {"T_keV": 11.0, "n20": 3.0, "tau_E_s": 3.0, "geometry": {"R_m": 3.0, "a_m": 1.0, "kappa": 1.7}, "assumptions": {"f_He": 0.03, "Zeff": 2.0, "T_ratio_e_to_i": 1.0}}, "derived": {"reactivity_m3_s": 5.515107621769007e-23, "R_dt_m3_s": 1.1675620712975532e+18, "P_fus_W_m3": 3292327.5781045435, "P_alpha_W_m3": 654724.2342821535, "P_brem_W_m3": 29849.623113198606, "P_transport_W_m3": 528718.2891493761, "P_loss_W_m3": 558567.9122625747, "P_net_W_m3": 96156.32201957889, "ignition_margin": 1.1721479517684452, "Wth_J_m3": 1586154.8674481283, "P_fus_W": 331438501.6978224, "P_alpha_W": 65911065.67854422, "P_loss_W": 56231012.11677481, "P_net_W": 9680053.561769413}}, {"inputs": {"T_keV": 20.0, "n20": 3.0, "tau_E_s": 3.0, "geometry": {"R_m": 3.0, "a_m": 1.0, "kappa": 1.7}, "assumptions": {"f_He": 0.03, "Zeff": 2.0, "T_ratio_e_to_i": 1.0}}, "derived": {"reactivity_m3_s": 9.586041457671031e-23, "R_dt_m3_s": 2.0293889416926013e+18, "P_fus_W_m3": 5722533.596873058, "P_alpha_W_m3": 1138003.8402872558, "P_brem_W_m3": 40249.22359499623, "P_transport_W_m3": 961305.9802715929, "P_loss_W_m3": 1001555.2038665891, "P_net_W_m3": 136448.6364206667, "ignition_margin": 1.1362367604839905, "Wth_J_m3": 2883917.9408147787, "P_fus_W": 576087256.2854165, "P_alpha_W": 114562806.64766805, "P_loss_W": 100826527.20975949, "P_net_W": 13736279.437908549}}, {"inputs": {"T_keV": 8.0, "n20": 3.0, "tau_E_s": 3.0, "geometry": {"R_m": 3.0, "a_m": 1.0, "kappa": 1.7}, "assumptions": {"f_He": 0.03, "Zeff": 2.0, "T_ratio_e_to_i": 1.0}}, "derived": {"reactivity_m3_s": 3.614195980849659e-23, "R_dt_m3_s": 7.65134324635825e+17, "P_fus_W_m3": 2157549.3927730853, "P_alpha_W_m3": 429058.1178810113, "P_brem_W_m3": 25455.844122715716, "P_transport_W_m3": 384522.39210863714, "P_loss_W_m3": 409978.23623135284, "P_net_W_m3": 19079.881649658433, "ignition_margin": 1.0465387670941917, "Wth_J_m3": 1153567.1763259114, "P_fus_W": 217200421.62130532, "P_alpha_W": 43193265.66332776, "P_loss_W": 41272494.64753009, "P_net_W": 1920771.015797676}}, {"inputs": {"T_keV": 14.0, "n20": 3.0, "tau_E_s": 2.5, "geometry": {"R_m": 3.0, "a_m": 1.0, "kappa": 1.7}, "assumptions": {"f_He": 0.03, "Zeff": 2.0, "T_ratio_e_to_i": 1.0}}, "derived": {"reactivity_m3_s": 7.21043704696027e-23, "R_dt_m3_s": 1.5264675489341064e+18, "P_fus_W_m3": 4304380.325452199, "P_alpha_W_m3": 855984.7238115169, "P_brem_W_m3": 33674.916480965476, "P_transport_W_m3": 807497.023428138, "P_loss_W_m3": 841171.9399091034, "P_net_W_m3": 14812.783902413445, "ignition_margin": 1.0176096980886145, "Wth_J_m3": 2018742.558570345, "P_fus_W": 433321816.24126375, "P_alpha_W": 86171952.09343314, "P_loss_W": 84680749.65803756, "P_net_W": 1491202.4353955823}}, {"inputs": {"T_keV": 14.0, "n20": 2.5, "tau_E_s": 3.0, "geometry": {"R_m": 3.0, "a_m": 1.0, "kappa": 1.7}, "assumptions": {"f_He": 0.03, "Zeff": 2.0, "T_ratio_e_to_i": 1.0}}, "derived": {"reactivity_m3_s": 7.21043704696027e-23, "R_dt_m3_s": 1.0600469089820183e+18, "P_fus_W_m3": 2989153.003786249, "P_alpha_W_m3": 594433.83598022, "P_brem_W_m3": 23385.358667337136, "P_transport_W_m3": 560761.8218250958, "P_loss_W_m3": 584147.1804924329, "P_net_W_m3": 10286.655487787095, "ignition_margin": 1.0176096980886145, "Wth_J_m3": 1682285.4654752875, "P_fus_W": 300917927.94532204, "P_alpha_W": 59841633.39821745, "P_loss_W": 58806076.15141496, "P_net_W": 1035557.2468024858}}, {"inputs": {"T_keV": 17.0, "n20": 2.5, "tau_E_s": 3.0, "geometry": {"R_m": 3.0, "a_m": 1.0, "kappa": 1.7}, "assumptions": {"f_He": 0.03, "Zeff": 2.0, "T_ratio_e_to_i": 1.0}}, "derived": {"reactivity_m3_s": 8.581046543536201e-23, "R_dt_m3_s": 1.2615479207520643e+18, "P_fus_W_m3": 3557351.778288424, "P_alpha_W_m3": 707427.9104550843, "P_brem_W_m3": 25769.410160110383, "P_transport_W_m3": 680925.069359045, "P_loss_W_m3": 706694.4795191553, "P_net_W_m3": 733.4309359289473, "ignition_margin": 1.0010378331190983, "Wth_J_m3": 2042775.208077135, "P_fus_W": 358118478.62562853, "P_alpha_W": 71216742.90850566, "P_loss_W": 71142908.44193564, "P_net_W": 73834.46657002214}}, {"inputs": {"T_keV": 17.0, "n20": 3.0, "tau_E_s": 2.5, "geometry": {"R_m": 3.0, "a_m": 1.0, "kappa": 1.7}, "assumptions": {"f_He": 0.03, "Zeff": 2.0, "T_ratio_e_to_i": 1.0}}, "derived": {"reactivity_m3_s": 8.581046543536201e-23, "R_dt_m3_s": 1.8166290058829727e+18, "P_fus_W_m3": 5122586.560735331, "P_alpha_W_m3": 1018696.1910553215, "P_brem_W_m3": 37107.95063055895, "P_transport_W_m3": 980532.0998770248, "P_loss_W_m3": 1017640.0505075838, "P_net_W_m3": 1056.140547737712, "ignition_margin": 1.0010378331190983, "Wth_J_m3": 2451330.249692562, "P_fus_W": 515690609.2209051, "P_alpha_W": 102552109.78824817, "P_loss_W": 102445788.15638734, "P_net_W": 106321.63186083469}}, {"inputs": {"T_keV": 11.0, "n20": 3.0, "tau_E_s": 2.5, "geometry": {"R_m": 3.0, "a_m": 1.0, "kappa": 1.7}, "assumptions": {"f_He": 0.03, "Zeff": 2.0, "T_ratio_e_to_i": 1.0}}, "derived": {"reactivity_m3_s": 5.515107621769007e-23, "R_dt_m3_s": 1.1675620712975532e+18, "P_fus_W_m3": 3292327.5781045435, "P_alpha_W_m3": 654724.2342821535, "P_brem_W_m3": 29849.623113198606, "P_transport_W_m3": 634461.9469792513, "P_loss_W_m3": 664311.5700924499, "P_net_W_m3": -9587.335810296354, "ignition_margin": 0.9855680132005497, "Wth_J_m3": 1586154.8674481283, "P_fus_W": 331438501.6978224, "P_alpha_W": 65911065.67854422, "P_loss_W": 66876222.437966056, "P_net_W": -965156.7594218295}}]}