{
  "mode": "offline",
  "note": "Deterministic fallback run without any LLM/agent.",
  "result": {
    "metadata": {
      "title": "Toy D\u2013T Fusion Performance Explorer",
      "deterministic": true,
      "grid_points": 1859
    },
    "units": {
      "T_keV": "keV",
      "n20": "1e20 m^-3",
      "tau_E_s": "s",
      "P_*_W_m3": "W/m^3",
      "P_*_W": "W"
    },
    "config": {
      "R_m": 3.0,
      "a_m": 1.0,
      "kappa": 1.8,
      "T_keV_values": [
        8.0,
        9.166666666666666,
        10.333333333333334,
        11.5,
        12.666666666666668,
        13.833333333333334,
        15.0,
        16.166666666666668,
        17.333333333333336,
        18.5,
        19.666666666666668,
        20.833333333333336,
        22.0
      ],
      "n20_values": [
        0.7,
        0.7583333333333333,
        0.8166666666666667,
        0.875,
        0.9333333333333332,
        0.9916666666666666,
        1.0499999999999998,
        1.1083333333333332,
        1.1666666666666665,
        1.2249999999999999,
        1.2833333333333332,
        1.3416666666666666,
        1.4
      ],
      "tau_E_values": [
        0.6,
        0.72,
        0.8400000000000001,
        0.9600000000000001,
        1.08,
        1.2000000000000002,
        1.3200000000000003,
        1.4400000000000002,
        1.56,
        1.6800000000000002,
        1.8
      ],
      "f_He": 0.03,
      "Zeff": 2.0,
      "T_ratio_e_to_i": 1.0,
      "top_k": 8,
      "torus_volume_m3": 106.59172753176507
    },
    "best": {
      "inputs": {
        "T_keV": 13.833333333333334,
        "n20": 1.4,
        "tau_E_s": 1.8,
        "geometry": {
          "R_m": 3.0,
          "a_m": 1.0,
          "kappa": 1.8
        },
        "assumptions": {
          "f_He": 0.03,
          "Zeff": 2.0,
          "T_ratio_e_to_i": 1.0
        }
      },
      "derived": {
        "reactivity_m3_s": 7.124089624903402e-23,
        "R_dt_m3_s": 3.2844974047550886e+17,
        "P_fus_W_m3": 926172.7193544748,
        "P_alpha_W_m3": 184182.07487162852,
        "P_brem_W_m3": 7289.865110777655,
        "P_transport_W_m3": 517147.0134609217,
        "P_loss_W_m3": 524436.8785716994,
        "P_net_W_m3": -340254.8037000708,
        "ignition_margin": 0.35119970085484314,
        "Wth_J_m3": 930864.6242296591,
        "P_fus_W": 98722350.1487861,
        "P_alpha_W": 19632285.54095178,
        "P_loss_W": 55900632.868323945,
        "P_net_W": -36268347.32737216
      }
    },
    "top_candidates": [
      {
        "inputs": {
          "T_keV": 13.833333333333334,
          "n20": 1.4,
          "tau_E_s": 1.8,
          "geometry": {
            "R_m": 3.0,
            "a_m": 1.0,
            "kappa": 1.8
          },
          "assumptions": {
            "f_He": 0.03,
            "Zeff": 2.0,
            "T_ratio_e_to_i": 1.0
          }
        },
        "derived": {
          "reactivity_m3_s": 7.124089624903402e-23,
          "R_dt_m3_s": 3.2844974047550886e+17,
          "P_fus_W_m3": 926172.7193544748,
          "P_alpha_W_m3": 184182.07487162852,
          "P_brem_W_m3": 7289.865110777655,
          "P_transport_W_m3": 517147.0134609217,
          "P_loss_W_m3": 524436.8785716994,
          "P_net_W_m3": -340254.8037000708,
          "ignition_margin": 0.35119970085484314,
          "Wth_J_m3": 930864.6242296591,
          "P_fus_W": 98722350.1487861,
          "P_alpha_W": 19632285.54095178,
          "P_loss_W": 55900632.868323945,
          "P_net_W": -36268347.32737216
        }
      },
      {
        "inputs": {
          "T_keV": 15.0,
          "n20": 1.4,
          "tau_E_s": 1.8,
          "geometry": {
            "R_m": 3.0,
            "a_m": 1.0,
            "kappa": 1.8
          },
          "assumptions": {
            "f_He": 0.03,
            "Zeff": 2.0,
            "T_ratio_e_to_i": 1.0
          }
        },
        "derived": {
          "reactivity_m3_s": 7.706674239593526e-23,
          "R_dt_m3_s": 3.5530927980964384e+17,
          "P_fus_W_m3": 1001912.0776797076,
          "P_alpha_W_m3": 199243.87908403276,
          "P_brem_W_m3": 7591.047358566536,
          "P_transport_W_m3": 560761.8218250958,
          "P_loss_W_m3": 568352.8691836623,
          "P_net_W_m3": -369108.9900996296,
          "ignition_margin": 0.35056369007199895,
          "Wth_J_m3": 1009371.2792851725,
          "P_fus_W": 106795539.19482003,
          "P_alpha_W": 21237749.271697167,
          "P_loss_W": 60581714.17392185,
          "P_net_W": -39343964.90222469
        }
      },
      {
        "inputs": {
          "T_keV": 12.666666666666668,
          "n20": 1.4,
          "tau_E_s": 1.8,
          "geometry": {
            "R_m": 3.0,
            "a_m": 1.0,
            "kappa": 1.8
          },
          "assumptions": {
            "f_He": 0.03,
            "Zeff": 2.0,
            "T_ratio_e_to_i": 1.0
          }
        },
        "derived": {
          "reactivity_m3_s": 6.492195377785908e-23,
          "R_dt_m3_s": 2.9931682491697926e+17,
          "P_fus_W_m3": 844022.8245592935,
          "P_alpha_W_m3": 167845.4480657686,
          "P_brem_W_m3": 6975.691124660455,
          "P_transport_W_m3": 473532.2050967476,
          "P_loss_W_m3": 480507.89622140804,
          "P_net_W_m3": -312662.44815563946,
          "ignition_margin": 0.3493084075946775,
          "Wth_J_m3": 852357.9691741457,
          "P_fus_W": 89965850.94601496,
          "P_alpha_W": 17890936.267673433,
          "P_loss_W": 51218166.75089397,
          "P_net_W": -33327230.483220544
        }
      },
      {
        "inputs": {
          "T_keV": 16.166666666666668,
          "n20": 1.4,
          "tau_E_s": 1.8,
          "geometry": {
            "R_m": 3.0,
            "a_m": 1.0,
            "kappa": 1.8
          },
          "assumptions": {
            "f_He": 0.03,
            "Zeff": 2.0,
            "T_ratio_e_to_i": 1.0
          }
        },
        "derived": {
          "reactivity_m3_s": 8.23633959069867e-23,
          "R_dt_m3_s": 3.7972902412353043e+17,
          "P_fus_W_m3": 1070771.6266761231,
          "P_alpha_W_m3": 212937.53939581997,
          "P_brem_W_m3": 7880.72754678568,
          "P_transport_W_m3": 604376.63018927,
          "P_loss_W_m3": 612257.3577360557,
          "P_net_W_m3": -399319.81834023574,
          "ignition_margin": 0.3477909031313224,
          "Wth_J_m3": 1087877.934340686,
          "P_fus_W": 114135397.4794062,
          "P_alpha_W": 22697380.180563733,
          "P_loss_W": 65261569.45512007,
          "P_net_W": -42564189.27455633
        }
      },
      {
        "inputs": {
          "T_keV": 11.5,
          "n20": 1.4,
          "tau_E_s": 1.8,
          "geometry": {
            "R_m": 3.0,
            "a_m": 1.0,
            "kappa": 1.8
          },
          "assumptions": {
            "f_He": 0.03,
            "Zeff": 2.0,
            "T_ratio_e_to_i": 1.0
          }
        },
        "derived": {
          "reactivity_m3_s": 5.816393559263036e-23,
          "R_dt_m3_s": 2.6815959029561888e+17,
          "P_fus_W_m3": 756164.6923681905,
          "P_alpha_W_m3": 150373.6604141288,
          "P_brem_W_m3": 6646.683383462761,
          "P_transport_W_m3": 429917.39673257346,
          "P_loss_W_m3": 436564.08011603623,
          "P_net_W_m3": -286190.41970190743,
          "ignition_margin": 0.3444480827972845,
          "Wth_J_m3": 773851.3141186322,
          "P_fus_W": 80600900.85805112,
          "P_alpha_W": 16028588.238816984,
          "P_loss_W": 46534119.477884196,
          "P_net_W": -30505531.239067208
        }
      },
      {
        "inputs": {
          "T_keV": 17.333333333333336,
          "n20": 1.4,
          "tau_E_s": 1.8,
          "geometry": {
            "R_m": 3.0,
            "a_m": 1.0,
            "kappa": 1.8
          },
          "assumptions": {
            "f_He": 0.03,
            "Zeff": 2.0,
            "T_ratio_e_to_i": 1.0
          }
        },